<?xml version="1.0" encoding="UTF-8"?>
<!DOCTYPE hibernate-configuration PUBLIC
"-//Hibernate/Hibernate Configuration DTD 3.0//EN"
"http://www.hibernate.org/dtd/hibernate-configuration-3.0.dtd">
<hibernate-configuration>
<session-factory>
<!-- Database connection settings -->
<property name="connection.driver_class">com.mysql.cj.jdbc.Driver</property>
<property name="connection.url">jdbc:mysql://localhost:3306/hms</property>
<property name="connection.username">root</property>
<property name="connection.password">sarang123</property>
<!-- Automatically create or update database schema -->
<property name="hbm2ddl.auto">update</property>
<!-- Specify the dialect for your database -->
<property name="dialect">org.hibernate.dialect.MySQL8Dialect</property>
<!-- Enable or disable showing SQL statements in the console -->
<property name="show_sql">true</property>
<property name="format_sql">true</property>
<!-- Specify the package(s) where your entity classes are located-->
<mapping class="com.hms.entity.BaseEntity"/>
<mapping class="com.hms.entity.Booking"/>
<mapping class="com.hms.entity.Complaint"/>
<mapping class="com.hms.entity.Hostel"/>
<mapping class="com.hms.entity.Payment"/>
<mapping class="com.hms.entity.Room"/>
<mapping class="com.hms.entity.Student"/>
<mapping class="com.hms.entity.Warden"/>
<!-- Additional mappings can be included here -->
</session-factory>
</hibernate-configuration>
